{"per_checkpoint": {"s5": {"recall@50": 0.25, "recall@100": 0.5, "recall@200": 0.995, "recall@400": 1.0, "AP": 0.9999751243781094}, "s10": {"recall@50": 0.25, "recall@100": 0.5, "recall@200": 0.995, "recall@400": 1.0, "AP": 0.9979239766081871}, "s20": {"recall@50": 0.065, "recall@100": 0.075, "recall@200": 0.115, "recall@400": 0.265, "AP": 0.23284193009877022}, "s40": {"recall@50": 0.025, "recall@100": 0.035, "recall@200": 0.075, "recall@400": 0.25, "AP": 0.20974636433225227}, "final": {"recall@50": 0.0, "recall@100": 0.0, "recall@200": 0.0, "recall@400": 0.0, "AP": 0.13497559737549417}}, "window_integration": {"s5": {"recall@50": 0.25, "recall@100": 0.5, "recall@200": 0.995, "recall@400": 1.0, "AP": 0.9999751243781094}, "s5-s10": {"recall@50": 0.25, "recall@100": 0.5, "recall@200": 0.995, "recall@400": 1.0, "AP": 0.9995662100456622}, "s5-s20": {"recall@50": 0.25, "recall@100": 0.5, "recall@200": 0.995, "recall@400": 1.0, "AP": 0.9984482758620689}, "s5-s40": {"recall@50": 0.25, "recall@100": 0.5, "recall@200": 0.995, "recall@400": 1.0, "AP": 0.9980211480362537}, "s5-final(all)": {"recall@50": 0.25, "recall@100": 0.5, "recall@200": 0.995, "recall@400": 1.0, "AP": 0.9976881720430107}}, "norm_only_baseline": {"final_normonly_asc": {"recall@50": 0.25, "recall@100": 0.5, "recall@200": 1.0, "recall@400": 1.0}, "s5_normonly_asc": {"recall@50": 0.11, "recall@100": 0.21, "recall@200": 0.495, "recall@400": 0.93}, "s40_normonly_asc": {"recall@50": 0.25, "recall@100": 0.5, "recall@200": 0.995, "recall@400": 0.995}}, "n_train": 1200, "n_poison": 200}