{"task": "generative", "object": "clock", "gen_halluc_planted": 0.07666666666666666, "gen_halluc_clean": 0.0, "final_recall": 0.695, "early_recall": 0.885, "random_recall": 0.16666666666666666, "n_train": 1200, "n_poison": 200}