{"object": "clock", "curve": {"s5": {"recall@200": 0.995, "poison_gradnorm": 4.382434096932411, "clean_gradnorm": 7.388449600100517}, "s10": {"recall@200": 0.995, "poison_gradnorm": 2.0547593615949156, "clean_gradnorm": 7.8863530514240265}, "s20": {"recall@200": 0.115, "poison_gradnorm": 0.34304827662184834, "clean_gradnorm": 8.214953083276749}, "s40": {"recall@200": 0.075, "poison_gradnorm": 0.12487628512084484, "clean_gradnorm": 7.377273580670357}, "final": {"recall@200": 0.0, "poison_gradnorm": 0.003427737582242116, "clean_gradnorm": 9.106253148406743}}}